{
  "project_info": {
    "project_number": "531894140966",
    "firebase_url": "https://cuttheflag-default-rtdb.firebaseio.com",
    "project_id": "cuttheflag",
    "storage_bucket": "cuttheflag.appspot.com"
  },
  "client": [
    {
      "client_info": {
        "mobilesdk_app_id": "1:531894140966:android:9bfc38d409d0ee3ea5a6e7",
        "android_client_info": {
          "package_name": "com.spacegames.cuttheflag"
        }
      },
      "oauth_client": [],
      "api_key": [
        {
          "current_key": "AIzaSyDmHZZGnqA2X6wB7b7ikowuUzGWgfavofE"
        }
      ],
      "services": {
        "appinvite_service": {
          "other_platform_oauth_client": []
        }
      }
    }
  ],
  "configuration_version": "1"
}